,ID,Description,setSize,enrichmentScore,NES,pvalue,p.adjust,qvalue,rank,leading_edge,core_enrichment,log2err
hsa04512,hsa04512,ECM-receptor interaction,73,0.658662201510124,2.3168100432684,1.11590502157534e-06,6.19327286974313e-05,2.46557913432783e-05,2012,tags=42%, list=14%, signal=37%,22801/960/7058/1292/158326/3678/284217/3912/1280/7059/3672/341640/3675/3676/255743/3655/3915/3693/6385/1288/1286/3911/3161/3696/375790/3679/3909/6382/3371/3910/8516,0.643551836150722
hsa00190,hsa00190,Oxidative phosphorylation,124,-0.551044179202908,-2.20167610881426,4.31057068547627e-08,4.78473346087866e-06,1.90483113413214e-06,4062,tags=50%, list=28%, signal=36%,533/518/10312/126328/506/1349/10632/1329/90423/4716/513/4722/1352/1353/515/4723/27089/523/4715/514/9377/100532726/516/4713/9551/4706/4717/4696/54539/4718/4728/4725/4514/4726/537/4714/1340/4720/4702/9296/23545/6391/10063/4729/535/9550/4708/528/527/4538/4519/4539/9114/155066/4535/4540/4513/4541/4508/4509/4536/4537,0.719512826338911
hsa05322,hsa05322,Systemic lupus erythematosus,76,0.590551079840331,2.0433404289513,3.69878904348533e-05,0.00102641395956718,0.00040862156328607,1534,tags=34%, list=11%, signal=31%,8367/3017/8370/8329/8360/8343/128312/717/8349/8337/8362/8334/440689/8341/8336/8357/102724334/8347/8348/126961/8970/92815/8353/3013/8344/8969,0.557332238758646
hsa05012,hsa05012,Parkinson disease,238,-0.459746356708534,-2.01561796769799,9.48971430345515e-09,1.58003743152528e-06,6.29022393258e-07,3974,tags=47%, list=28%, signal=35%,5689/126328/25800/90550/805/51465/2770/506/5714/292/1349/118424/1329/4716/513/3800/4722/515/7327/4723/293/29985/27089/5687/10131/55334/4715/23516/3799/10376/27173/514/9377/100532726/5705/516/4713/836/6647/4706/7311/91252/4717/4696/5685/54539/4718/5704/5691/4728/10383/5692/5702/5694/4725/5693/7846/842/4514/11315/203068/7416/4726/5701/5715/4714/1340/5695/1616/4720/4702/7419/4128/64837/5708/84790/7326/5690/808/6391/3798/25828/10105/5700/5709/5707/120892/2771/5688/7345/4729/5717/7332/581/598/5566/11047/4708/9817/4538/4519/4539/5567/51807/4535/5602/4540/4513/4541/4508/4509/4536/4537,0.747739663149885
hsa05134,hsa05134,Legionellosis,45,0.621263495843037,1.97557395917076,0.000415693514231459,0.00952689463457283,0.00379271398499139,553,tags=16%, list=4%, signal=15%,3310/3576/3303/3304/1917/3305/1195,0.49849310876659
hsa04714,hsa04714,Thermogenesis,213,-0.448754024511032,-1.95398081530363,9.95888901978582e-07,6.19327286974313e-05,2.46557913432783e-05,3548,tags=38%, list=25%, signal=29%,4716/513/6604/4722/1352/1353/515/4723/7248/27089/4715/7249/514/9377/5603/100532726/516/4713/9551/4706/6605/137682/4717/8193/4696/51422/29078/54539/4718/84987/51287/10818/4728/3991/116228/4725/4514/6602/71/4726/51548/4714/1340/10488/5564/4720/4702/2475/4893/6599/64223/107/6391/10063/65260/6597/4729/284184/28958/5566/2885/4708/3265/57492/84335/6598/86/4538/60/113/4519/4539/5567/4535/4540/4513/4541/4508/4509/4536/4537,0.643551836150722
hsa05208,hsa05208,Chemical carcinogenesis - reactive oxygen species,200,-0.448822438551144,-1.91388906017838,2.63230584158067e-06,0.000109569730655795,4.36203679929339e-05,3783,tags=40%, list=26%, signal=30%,5605/292/1349/873/6416/1329/5595/3845/65010/5970/4716/513/4722/369/515/4723/293/119391/27089/4715/514/9377/5603/100532726/516/4713/1545/6647/5609/4706/6648/4717/4696/1535/54539/4718/405/208/4728/52/4725/5291/4514/5770/7416/4726/4714/5170/1340/4720/4702/207/7419/5781/4893/6391/10105/572/4729/1728/5594/2885/4708/3265/1571/9817/9020/4538/4519/4539/2353/4535/5602/4540/4513/4541/4508/4509/4536/4537,0.627256739718528
hsa05110,hsa05110,Vibrio cholerae infection,45,-0.571610543294975,-1.89940157592822,0.00130851388750174,0.0227054335399313,0.00903916949072579,1755,tags=36%, list=12%, signal=31%,71/537/9296/23545/6558/10945/535/9550/5566/528/527/60/9114/155066/55176/5567,0.45505986738723
hsa04613,hsa04613,Neutrophil extracellular trap formation,126,0.502249620273749,1.89538423612852,0.000177599173172066,0.00454927112817676,0.00181109216498931,1141,tags=21%, list=8%, signal=19%,8367/3017/8370/8329/8360/8343/128312/8349/8337/8362/8334/5330/440689/8341/8336/8357/102724334/5293/8347/1183/8348/126961/8970/92815/5336/8353,0.518848077743792
hsa05014,hsa05014,Amyotrophic lateral sclerosis,330,-0.418156894291852,-1.89483327599857,8.49446686448168e-09,1.58003743152528e-06,6.29022393258e-07,3021,tags=35%, list=21%, signal=28%,311/514/9377/11258/5603/9217/100532726/637/5705/516/4713/836/6647/4706/10121/1769/4717/2876/56893/10762/8480/23511/4696/5685/7186/54539/4928/79139/4718/55916/5704/5691/2521/81929/4728/9883/10383/5692/5702/9776/5694/4725/5693/10482/5534/7846/842/4514/203068/7416/71/5216/4726/5701/5608/5715/140775/4714/4218/1340/5695/4686/1616/79902/4720/4702/51164/56000/64837/7415/220988/2475/5708/84790/5690/55706/6391/3798/5700/9782/5709/5532/84516/22863/5707/116442/5688/572/4729/5717/581/598/4747/84134/10189/11047/4708/2733/2878/4538/60/10452/4519/4539/51807/4535/55567/4540/4513/4541/4508/4509/4536/4537,0.747739663149885
hsa05016,hsa05016,Huntington disease,278,-0.417976462329601,-1.85647254586,2.43262488169161e-07,2.02516021400826e-05,8.0622844695308e-06,3548,tags=40%, list=25%, signal=31%,4716/513/3800/4722/25942/515/4723/293/27089/5687/1212/6507/26100/4715/3799/10376/514/9377/11258/163/100532726/5705/516/4713/836/6647/5609/4706/10121/6648/1769/4717/2876/161/7019/4696/5685/1211/7186/54539/4718/5704/5691/4728/10383/5692/5702/9776/5694/4725/5693/7846/842/4514/203068/7416/4726/5701/5715/4714/1340/10488/5695/4720/4702/51164/7419/5436/64837/3065/2475/5708/84790/5690/1175/5438/5434/6391/3798/6874/10105/5700/5709/2776/84516/22863/5707/5688/4729/5439/5717/581/1387/5441/11047/4708/2878/5435/4538/4519/4539/51807/4535/5602/55567/4540/4513/4541/4508/4509/4536/4537,0.674962860011025
hsa04142,hsa04142,Lysosome biogenesis,228,-0.42269353028738,-1.84546495321009,2.02619678745453e-06,9.63890757460512e-05,3.83730700931421e-05,3410,tags=38%, list=24%, signal=29%,53373/26985/55207/523/1212/8907/79036/8906/8649/2647/5538/163/2030/23431/8692/161/389541/8546/1211/57192/58528/127829/55315/7942/1497/3916/6272/2588/114880/23557/57617/1174/84572/2799/7030/8943/64121/411/9559/7879/537/388552/55014/9296/119032/9741/23545/2475/9342/1175/64223/23062/164/2629/153129/9894/55737/1186/2760/162/8673/10542/535/9550/729991/55004/1509/84335/11182/528/527/5476/9907/206358/23503/51172/65082/55317/3423/8372/11154/3425/54982/9114/57707/155066,0.627256739718528
hsa03050,hsa03050,Proteasome,42,-0.559354534078482,-1.83903629993122,0.000753378083750365,0.0147573471699336,0.00587498856024557,2570,tags=50%, list=18%, signal=41%,5685/23198/5704/5691/5692/5702/5694/5693/5701/5715/5695/5708/5690/10197/5700/5709/5707/5688/5717/11047/5699,0.477270815362862
hsa05415,hsa05415,Diabetic cardiomyopathy,182,-0.43591626886403,-1.83655524169414,8.81262960070642e-06,0.000266782332457749,0.000106207649194442,3034,tags=31%, list=21%, signal=25%,4087/514/9377/5603/100532726/5578/516/4713/5160/4706/4717/4696/2936/7046/1535/54539/4718/208/4728/2997/4725/5291/4514/7416/4726/4714/1340/4720/4702/207/7419/2475/142/6391/10105/5499/5164/4729/6513/488/4708/1509/9882/5524/4538/4519/4539/1536/4535/5602/4540/4513/4541/4508/4509/4536/4537,0.593325476396405
hsa05144,hsa05144,Malaria,24,0.639838346161115,1.78217699839106,0.00674039567792676,0.0683246320854973,0.0272004464801847,1829,tags=33%, list=13%, signal=29%,7058/3576/2995/7059/3592/7040/7043/6382,0.407017918923954
hsa03008,hsa03008,Ribosome biogenesis in eukaryotes,75,-0.473177976900797,-1.74899116670034,0.0022534626967327,0.0341092308187268,0.0135790896935101,4659,tags=60%, list=32%, signal=41%,55127/54433/84135/51119/23560/51367/2091/3692/9790/92856/102157402/29102/55226/10885/54913/57455/55272/5901/1736/1460/5822/1457/55916/22803/7514/65083/10482/51096/27341/51077/4809/23195/10775/10199/56000/55651/10813/55341/6949/10556/23160/10436/54552/10940/10799,0.431707695803346
hsa04977,hsa04977,Vitamin digestion and absorption,16,-0.648885399948359,-1.73479758873065,0.0169902780567505,0.11540592760658,0.0459437930588602,540,tags=25%, list=4%, signal=24%,25974/113235/6948/6573,0.352487857583619
hsa03013,hsa03013,Nucleocytoplasmic transport,102,-0.439246026667193,-1.72321860431572,0.000989102813115736,0.0182984020426411,0.00728470377726936,4396,tags=60%, list=31%, signal=42%,1915/10921/65110/7329/9972/9688/9775/6396/4116/57122/129401/3839/8086/10526/55705/4927/22794/57510/30000/55308/10527/23214/80145/5901/3843/11260/10762/5905/8480/23511/79711/23534/3837/84321/3838/4928/6612/55916/1434/81929/7514/51194/3836/9883/22985/79228/10482/84305/10073/4686/79902/56000/64328/55706/3842/9939/55161/23633/10189/2733/23039,0.45505986738723
hsa04723,hsa04723,Retrograde endocannabinoid signaling,117,-0.428744512970239,-1.72023848337068,0.000675064675537719,0.0140497835596288,0.00559330323643234,2966,tags=33%, list=21%, signal=27%,5603/100532726/5578/2791/4713/4706/4717/22999/4696/54539/10681/4718/2570/4728/4725/4726/4714/4720/4702/107/747/2790/2776/2771/4729/2782/5594/5566/4708/4538/113/4539/5567/4535/5602/4540/4541/4536/4537,0.477270815362862
hsa04612,hsa04612,Antigen processing and presentation,54,0.535538951426982,1.71783549090138,0.00477312636618016,0.0567661099977855,0.0225989294014916,947,tags=15%, list=7%, signal=14%,3310/3303/3304/3305/5641/3106/5720/3134,0.407017918923954
hsa04974,hsa04974,Protein digestion and absorption,64,0.505435728298508,1.71308372237239,0.00672677691749159,0.0683246320854973,0.0272004464801847,1971,tags=23%, list=14%, signal=20%,91522/1305/1292/136227/1289/85301/6547/1280/7373/482/1288/1286/1803/255631/6520,0.407017918923954
hsa05034,hsa05034,Alcoholism,131,0.455788443283041,1.71182863792261,0.00136368970209798,0.0227054335399313,0.00903916949072579,1737,tags=27%, list=12%, signal=24%,8367/3017/8370/8329/8360/8343/90993/128312/8349/8337/8362/8334/440689/8341/8336/8357/102724334/64764/25759/8347/8348/2792/2786/126961/8970/92815/9586/8353/135/3013/8344/8969/2784/85236/2788,0.45505986738723
hsa04114,hsa04114,Oocyte meiosis,103,-0.433194077470202,-1.70626828160019,0.0021192631246317,0.0336054581191598,0.0133785347554959,3132,tags=36%, list=22%, signal=28%,10459/5347/119504/5603/25906/8454/7534/898/7531/996/5515/51434/6500/7529/9126/7532/8243/5534/5518/9134/991/64506/107/808/9088/5499/5532/5528/8945/3480/10971/891/5594/5566/9700/113/5567,0.431707695803346
hsa04914,hsa04914,Progesterone-mediated oocyte maturation,84,-0.449039194822182,-1.69749210268192,0.00469000031265767,0.0567661099977855,0.0225989294014916,4365,tags=46%, list=30%, signal=33%,5295/29882/5599/51529/51433/2770/5140/5595/3845/369/9133/10459/5347/890/119504/5603/993/51343/25906/3326/996/208/51434/5291/3835/207/64506/107/9088/2771/3480/891/5594/5566/113/85417/994/5567/5602,0.407017918923954
hsa05010,hsa05010,Alzheimer disease,339,-0.370787455527064,-1.67990511346741,3.35156291066573e-06,0.000124007827694632,4.93682611581566e-05,3986,tags=40%, list=28%, signal=30%,177/5689/126328/25800/90550/805/506/5714/5605/292/1349/1329/29982/5595/3845/5610/5970/4716/513/3800/4722/369/515/4723/293/29985/27089/5687/26100/55334/10313/4715/23516/3799/10376/7132/27173/514/9377/100532726/637/5705/516/4713/836/5609/4706/91252/4717/1460/4696/1452/5685/7186/1457/54539/8312/4718/5704/5691/208/1857/4728/10383/5692/5702/9776/5694/4725/5693/5291/5534/7846/842/4514/203068/7416/1139/4726/5701/5715/4714/1340/5695/4720/4702/207/7419/64837/1855/2475/5708/4893/8851/84790/51107/5690/7477/808/6391/3798/10105/5700/5709/5532/2776/22863/5707/5688/572/55851/4729/5717/488/5664/4311/5594/11047/4708/3265/3028/11211/4538/4519/1020/4539/51807/1536/4535/5602/4540/4513/4541/4508/4509/4536/4537,0.627256739718528
hsa05412,hsa05412,Arrhythmogenic right ventricular cardiomyopathy,69,0.48996055369342,1.66633947853351,0.00743281764996183,0.0707179507839226,0.0281532410314247,2742,tags=45%, list=19%, signal=37%,22801/3678/1674/6547/284217/3672/8910/3675/3676/785/59285/3655/6645/3693/88/9254/27092/3696/3679/782/8516/6932/6640/775/784/1824/4842/1499/3690/3688/83439,0.407017918923954
hsa05410,hsa05410,Hypertrophic cardiomyopathy,71,0.490778344188454,1.66465737108531,0.0127581739495917,0.101154093457477,0.0402700522689786,2340,tags=39%, list=16%, signal=33%,22801/1636/3678/1674/6547/284217/3672/8910/3675/3676/785/59285/3655/6645/3693/9254/27092/3696/3679/7040/782/7043/8516/6640/775/784/4842/5563,0.380730400722792
hsa05022,hsa05022,Pathways of neurodegeneration - multiple diseases,415,-0.356631980623374,-1.65881375421067,3.74275451890997e-06,0.000124633725479702,4.96174348263522e-05,3017,tags=30%, list=21%, signal=25%,514/9377/11258/5603/9217/100532726/637/5705/5578/516/4713/836/6647/5609/4706/7311/10121/1769/4717/2876/1460/4696/1452/5685/7186/1457/54539/79139/8312/4718/5704/5691/2521/1857/4728/10383/5692/5702/9776/5694/4725/5693/5534/7846/842/4514/11315/203068/7416/1139/4726/5701/5608/5715/140775/4714/4218/1340/578/5695/1616/4720/4702/51164/7419/64837/1855/7415/2475/5708/4893/8851/84790/7326/5690/7477/808/6391/3798/10105/5700/5709/5532/2776/84516/22863/5707/120892/116442/5688/572/7345/4729/5717/7332/581/598/488/4747/5664/5594/84134/11047/4708/3265/3028/11211/2878/4538/10452/4519/1020/4539/51807/1536/4535/5602/55567/4540/4513/4541/4508/4509/4536/4537,0.627256739718528
hsa04518,hsa04518,Integrin signaling,135,0.439427750693406,1.6534959366578,0.00259179619516073,0.0375247014342836,0.0149388090633392,2012,tags=28%, list=14%, signal=24%,22801/7058/999/1956/1292/158326/3678/5228/3386/284217/3912/1280/7059/5293/3672/341640/3675/3676/5156/9459/255743/3655/3915/3693/595/5154/1288/1286/3911/3696/7424/3679/7040/3909/3371/894/3910/8516,0.431707695803346
hsa04213,hsa04213,Longevity regulating pathway - multiple species,56,0.50043072597462,1.65085662422513,0.0134780795288862,0.104376755421375,0.0415530133563216,681,tags=14%, list=5%, signal=14%,3310/1410/3303/3304/3305/5293/847/8471,0.380730400722792
hsa03083,hsa03083,Polycomb repressive complex,83,-0.45154493123354,-1.64918073720658,0.010556694733309,0.0862373795974363,0.0343316188720369,3950,tags=51%, list=27%, signal=37%,55777/10336/6015/7322/5928/23466/54881/57332/171023/648/4149/54880/23429/1460/23492/26053/7528/23512/6500/22992/57666/84733/84333/2145/84456/57713/3607/7703/9212/3065/1912/26147/7027/84678/10238/8314/83746/3054/11091/1387/51619/51460,0.380730400722792
hsa04915,hsa04915,Estrogen signaling pathway,98,0.456092244116709,1.64305952656335,0.00443692660117751,0.0567661099977855,0.0225989294014916,985,tags=16%, list=7%, signal=15%,3310/3760/90993/1956/5330/3303/3304/4313/3305/64764/25759/3710/5293/1839/3725/9586,0.407017918923954
hsa04610,hsa04610,Complement and coagulation cascades,37,0.528778488302009,1.63089639685726,0.028413831029686,0.168960816658668,0.067264316111084,2480,tags=38%, list=17%, signal=31%,5328/717/624/1191/710/5627/10878/5270/4179/7056/10544/1604/2149/7035,0.352487857583619
hsa04742,hsa04742,Taste transduction,33,0.55408833432621,1.62721432370179,0.0173282173583454,0.11540592760658,0.0459437930588602,2236,tags=39%, list=16%, signal=33%,22953/5330/3710/3352/5028/2784/954/5153/6335/112/5136/775/2550,0.352487857583619
hsa04060,hsa04060,Cytokine-cytokine receptor interaction,125,0.426228996247619,1.61294292160058,0.00794795633133807,0.0735185960648771,0.0292681947421049,2314,tags=38%, list=16%, signal=32%,83729/3589/2661/3604/115650/85480/3576/6387/9180/1271/151449/8809/355/3624/970/9235/3588/3625/1435/60401/51330/3560/27242/8744/7048/2826/8795/9466/652/3953/1896/3592/130399/7040/7043/659/651/8794/2690/8793/51561/3601/3554/3459/7852/1489/3572,0.380730400722792
hsa03020,hsa03020,RNA polymerase,34,-0.51268102931655,-1.61140605988514,0.0170216092708968,0.11540592760658,0.0459437930588602,4398,tags=62%, list=31%, signal=43%,5437/27297/5433/5431/5432/9533/51728/10621/55718/64425/11128/5436/84172/5438/5434/5439/25885/5441/10849/5435/171568,0.352487857583619
hsa05020,hsa05020,Prion disease,229,-0.370020103223064,-1.61133302948645,0.000429139397953731,0.00952689463457283,0.00379271398499139,3017,tags=35%, list=21%, signal=28%,514/9377/5603/100532726/5705/516/4713/836/6647/4706/4717/1460/4696/5685/1457/1535/54539/4718/5704/5691/4728/10383/5692/5702/5694/4725/5693/5291/5534/7846/842/4514/203068/7416/4726/5701/5715/4714/1340/10488/5695/4720/4702/7419/64837/5708/84790/5690/6391/3798/10105/5700/5709/5532/5707/5688/572/4729/5717/581/3312/5594/5566/11047/4708/4538/4519/4539/5567/51807/1958/1536/4535/5602/4540/4513/4541/4508/4509/4536/4537,0.49849310876659
hsa04110,hsa04110,Cell cycle,154,-0.382730779337194,-1.60936102944117,0.00280806139520109,0.0389618518584152,0.0155109472805878,4076,tags=45%, list=28%, signal=33%,1031/10926/4172/51433/4088/4171/23595/5516/157570/27085/1027/9133/11200/9319/4173/8555/10459/5347/1869/4087/990/890/119504/4998/993/80174/51343/25906/8454/90381/8317/6502/23383/7534/898/7531/996/10403/23244/5515/51434/6500/7529/9126/7532/8243/2810/5518/1019/4193/9134/1874/4176/9212/991/3065/10274/9088/7027/5528/1870/113130/10971/891/1387/9700/896/4616/85417/994,0.431707695803346
hsa04976,hsa04976,Bile secretion,38,-0.485781576735516,-1.60029364442007,0.0228416607973925,0.148028984244864,0.0589312278832335,1132,tags=24%, list=8%, signal=22%,107/5243/6513/5566/6522/113/361/5567/3781,0.352487857583619
hsa04130,hsa04130,SNARE interactions in vesicular transport,31,-0.51298888515977,-1.5926557457727,0.0315317048279745,0.177967079791788,0.0708497635677544,1991,tags=26%, list=14%, signal=22%,8773/55014/10652/9570/9342/143187/10490/8673,0.321775918075361
hsa04966,hsa04966,Collecting duct acid secretion,21,-0.570578169277285,-1.58214721717455,0.0310094743246628,0.177967079791788,0.0708497635677544,1437,tags=38%, list=10%, signal=34%,9296/23545/535/9550/528/527/9114/155066,0.352487857583619
hsa05310,hsa05310,Asthma,11,-0.657394869189389,-1.56529669279401,0.0231952735995079,0.148028984244864,0.0589312278832335,673,tags=18%, list=5%, signal=17%,3113/3111,0.352487857583619
hsa04911,hsa04911,Insulin secretion,59,0.47264574343567,1.5622800914425,0.0167381884518784,0.11540592760658,0.0459437930588602,1117,tags=20%, list=8%, signal=19%,6616/6833/90993/117/5330/11069/3651/64764/3710/482/9586/27445,0.352487857583619
hsa03030,hsa03030,DNA replication,36,-0.481683947395047,-1.56037498236387,0.0252252219930682,0.155555535623921,0.0619275932015305,4925,tags=67%, list=34%, signal=44%,5557/4175/5426/5558/79621/5422/54107/6742/4172/10714/4171/4173/84153/2237/246243/6118/10535/1763/3978/23649/29935/4176/6117/56655,0.352487857583619
hsa03082,hsa03082,ATP-dependent chromatin remodeling,105,-0.3948918460162,-1.55813184959598,0.0106178155059907,0.0862373795974363,0.0343316188720369,2748,tags=39%, list=19%, signal=32%,6605/64769/8193/8295/3014/7528/5977/10467/9031/29117/54108/55929/196528/6602/71/94239/10847/1108/605/8607/3065/6599/84295/10524/54617/6597/79913/55193/10445/9274/54815/9275/57459/29998/57492/9555/53615/6598/6760/86/60,0.380730400722792
hsa04710,hsa04710,Circadian rhythm,32,0.523557025271539,1.54942503212422,0.0477574845408038,0.237361826150562,0.0944951688955775,2340,tags=34%, list=16%, signal=29%,9572/5187/1408/8863/4862/79365/1628/8864/8553/6096/5563,0.321775918075361
hsa04062,hsa04062,Chemokine signaling pathway,126,-0.384158617338344,-1.54790673398861,0.00689511663648776,0.0683246320854973,0.0272004464801847,1698,tags=19%, list=12%, signal=17%,1398/387/207/9547/4893/107/998/2790/2776/2771/156/572/2782/5829/5594/5566/2885/2870/3265/1233/2931/113/5567/1235,0.407017918923954
hsa03015,hsa03015,mRNA surveillance pathway,86,-0.407089392156474,-1.537832866645,0.0105991949675573,0.0862373795974363,0.0343316188720369,2498,tags=34%, list=17%, signal=28%,10978/55916/80335/2521/53981/80336/5515/1478/22985/10482/84305/26986/5518/11052/26528/4686/124540/56000/8106/29101/5499/9939/55844/5528/79869/9887/10189/2733/23293,0.380730400722792
hsa04820,hsa04820,Cytoskeleton in muscle cells,172,0.392067732850286,1.53639878779917,0.0068538677692386,0.0683246320854973,0.0272004464801847,2267,tags=28%, list=16%, signal=24%,22801/7058/1292/25802/3678/1289/1674/85301/284217/2027/2318/7059/3672/8910/23345/8572/3675/2201/3676/22795/482/2192/287/84033/3655/6645/3693/6385/161176/1288/88/1286/7138/3696/6712/375790/3679/1462/27063/255631/6382/114793/8516/271/6640/752/1284/1824,0.407017918923954
hsa04151,hsa04151,PI3K-Akt signaling pathway,283,0.367112378071507,1.51699986909949,0.00301759013386711,0.0401943005831099,0.0160015925215849,2122,tags=23%, list=15%, signal=20%,22801/2668/7058/90993/5105/1956/1026/4902/1292/3678/5228/9180/284217/8074/3912/3718/1280/54541/64764/7059/1942/5293/3672/2247/3675/3676/1435/5156/2792/3560/4602/2786/5106/9170/9586/4609/3655/3915/29941/3693/595/5523/5154/1288/1286/3911/3696/7424/3679/2784/1943/23035/3909/2788/3815/3371/7184/9223/894/3910/2690/5522/8516/6198/28227/2254,0.431707695803346
hsa04640,hsa04640,Hematopoietic cell lineage,50,0.469028742509321,1.51584509082514,0.033403255605784,0.185388068612101,0.0738041037972691,2226,tags=28%, list=15%, signal=24%,960/3589/100133941/3678/3672/3675/3676/1435/3655/912/3815/7037/3554/1604,0.321775918075361
hsa03410,hsa03410,Base excision repair,44,-0.458549794535696,-1.50642843218172,0.0358732840436819,0.195832845681083,0.077962232293399,2363,tags=25%, list=16%, signal=21%,23583/3978/7374/4595/142/4913/6996/4968/328/10039/56655,0.321775918075361
hsa04120,hsa04120,Ubiquitin mediated proteolysis,136,-0.362433455691813,-1.49692907132912,0.006976088561282,0.0683246320854973,0.0272004464801847,4504,tags=47%, list=31%, signal=33%,378884/57154/9040/29882/7329/672/51529/4734/8451/51433/51465/23759/118424/7322/23295/9354/7327/51366/6921/5371/63893/8065/119504/51343/25906/7311/9690/10273/55070/8454/10277/8450/6923/8924/10055/7319/6502/9616/996/10401/51434/6500/55236/3093/4193/23221/10054/8453/140739/27339/9063/7334/991/11065/65264/7326/7332/51588/8945/4281/11060/9817/51619/1642,0.407017918923954
hsa05203,hsa05203,Viral carcinogenesis,178,0.372847019402474,1.48779131003011,0.0140012624662327,0.105964100028534,0.042184944780096,985,tags=16%, list=7%, signal=15%,8367/3017/8370/1959/8360/8343/90993/128312/1026/8349/8362/440689/8341/3718/102724334/5966/64764/5293/8347/5366/8348/1739/3106/7188/85477/3725/3134/8970/9586,0.380730400722792
hsa03010,hsa03010,Ribosome,173,-0.348998940571115,-1.48312030662585,0.00573588915249276,0.0658638306131065,0.0262207866312393,4313,tags=39%, list=30%, signal=27%,6232/51263/29074/84545/6157/51069/6191/740/54948/6234/63875/6203/51021/79590/51258/6128/65005/51642/122704/51116/11222/64949/6176/2197/6231/64976/6146/64960/78988/51121/6209/7311/6147/57129/55173/29088/64978/64963/54998/26589/64928/65080/55052/55168/28973/51253/51318/100529239/64951/60488/64975/10573/51649/116540/84311/6182/6183/65003/65008/9801/51073/3921/6150/116541/90480/51081/51264,0.407017918923954
hsa04156,hsa04156,Integrated stress response (ISR) signaling pathway,51,0.45619380846972,1.48121207637503,0.0458014985573001,0.23108937908456,0.0919980700380953,1938,tags=31%, list=13%, signal=27%,79094/9451/467/54541/23645/5366/57761/8795/1649/3309/494143/23710/1968/64798/8892/5500,0.321775918075361
hsa04625,hsa04625,C-type lectin receptor signaling pathway,82,0.414851357385095,1.46411990830444,0.0395642391869961,0.209125264274122,0.0832540239869092,2002,tags=20%, list=14%, signal=17%,4046/1959/6237/3710/5293/4773/3725/5336/1263/3592/5971/4792/602/91860/4776/51561,0.321775918075361
hsa05170,hsa05170,Human immunodeficiency virus 1 infection,174,-0.346345443509374,-1.44912853673398,0.0104378525313129,0.0862373795974363,0.0343316188720369,3885,tags=43%, list=27%, signal=31%,805/140564/2770/5605/59345/5595/3845/5970/5881/6921/9133/1073/3984/8907/8906/9730/8737/7132/8065/5603/10298/637/5578/2791/5062/836/5609/6891/8454/8450/6923/7186/9616/10681/208/3985/6500/5291/5534/8717/1174/842/25939/1398/5608/3661/578/207/2767/2475/4893/808/340061/164/5532/2790/2776/1072/2771/572/162/8945/2782/581/598/891/5829/5594/3265/1642/3654/85417/2353/5602,0.380730400722792
hsa04919,hsa04919,Thyroid hormone signaling pathway,108,-0.367948101599683,-1.44420550870836,0.0101259481123564,0.0862373795974363,0.0343316188720369,2347,tags=31%, list=16%, signal=27%,6256/10499/29079/6258/5469/208/113026/5291/842/71/4193/2626/9611/5170/207/9862/2648/3065/2475/4893/10025/6257/572/9440/6513/488/1387/5594/5566/3265/9882/60/5567/84812,0.380730400722792
hsa05230,hsa05230,Central carbon metabolism in cancer,62,-0.395153169024757,-1.4125775039803,0.0435844518955927,0.223286499711267,0.0888916968853063,1957,tags=24%, list=14%, signal=21%,5159/5291/5315/51548/207/8140/2475/4893/5223/2261/6513/5594/3265/2263/9997,0.321775918075361
hsa04010,hsa04010,MAPK signaling pathway,261,0.339261156435684,1.40112487815782,0.0143755910638957,0.106379373872828,0.0423502677921864,1837,tags=18%, list=13%, signal=16%,3310/5923/2668/1956/4902/10235/5228/3303/3304/2005/9252/3315/6237/8074/3305/355/8913/1942/2247/11221/1435/1647/5156/785/3725/5321/59285/4609/8912/7048/4293/5922/1649/9693/5154/9254/27092/7424/7040/782/1943/5971/7043/3815/25780/84451,0.380730400722792
hsa05132,hsa05132,Salmonella infection,215,-0.324367175627323,-1.40074801202828,0.0163638808849624,0.11540592760658,0.0459437930588602,3253,tags=32%, list=23%, signal=25%,55845/197259/4671/3799/10376/8737/7132/10092/11258/5603/836/10552/5609/10121/3326/57180/29109/7186/127829/1434/257397/208/3836/10383/6500/5291/10640/8717/57617/7846/203068/71/5216/5608/7879/387/578/10097/207/51164/1785/83658/64837/84790/1783/114609/998/5869/3798/25828/84516/26999/63916/581/5585/79659/5594/3265/5878/23265/65082/3654/10810/10093/60/51807/2353/5602,0.352487857583619
hsa04660,hsa04660,T cell receptor signaling pathway,96,-0.357006790741454,-1.38655757816414,0.0368977903788884,0.198176841873707,0.0788953912587841,2252,tags=23%, list=16%, signal=19%,208/5515/5291/5534/5518/1019/387/5170/207/5781/4893/998/5777/5532/55844/5528/5594/2885/3265/9020/2353/5602,0.321775918075361
hsa04510,hsa04510,Focal adhesion,187,0.348116560815329,1.37368272458327,0.0264793644425248,0.160320515624741,0.0638245603645483,2012,tags=21%, list=14%, signal=19%,22801/5923/7058/1956/1292/3678/5228/284217/3912/1280/25759/7059/5293/3672/3675/3676/5156/3725/3655/3915/3693/7408/857/595/5154/1288/1286/3911/3696/7424/6093/3679/331/3909/3371/894/5500/3910/399694/8516,0.352487857583619
hsa05164,hsa05164,Influenza A,121,-0.344593690837514,-1.37131403322313,0.030051019490988,0.175561219131562,0.0698919759861778,3783,tags=40%, list=26%, signal=29%,5605/292/5595/5610/5970/79671/8766/293/5371/3127/7132/637/103/5578/836/9230/8480/3838/4928/7187/55916/208/7514/3836/10482/5291/8717/842/1019/7416/71/57506/3661/578/207/56000/8106/7706/11100/23633/3665/581/3113/1387/5594/60/896/3111,0.352487857583619
hsa04141,hsa04141,Protein processing in endoplasmic reticulum,162,0.347615868194074,1.35770642895559,0.0414673046251994,0.21575956937799,0.0858951807030576,1964,tags=19%, list=14%, signal=16%,3310/1410/3303/9451/3304/3337/9709/3305/55757/7494/56605/23645/25956/133022/64215/2081/6238/7841/1649/55432/3309/10970/4287/58505/7321/9871/7184/9601/57134/4121,0.282013350011725
hsa05130,hsa05130,Pathogenic Escherichia coli infection,162,-0.319551605776695,-1.3161912164333,0.023560168663597,0.148028984244864,0.0589312278832335,3338,tags=33%, list=23%, signal=25%,23365/10163/55845/4671/10376/8737/2017/100506658/7132/10092/5603/5062/836/10552/57180/9368/7186/147179/257397/7009/4430/10383/79784/2768/4640/8717/7846/842/4691/203068/71/9632/387/10458/578/10097/5781/84790/114609/998/5777/26999/581/5594/9138/24146/3654/10810/10093/60/51807/2353/5602,0.352487857583619
